tag,path_id,mesh_name,object_size_bytes,center_x,center_y,center_z,extent_x,extent_y,extent_z
tatsumi_main_road,321,AREA_TATSUMI_MAIN2_LOD0,914140,0.0,0.0,-19.5869197845459,23.83203125,0.9028553366661072,1.0467910766601562
tatsumi_r_road,472,AREA_TATSUMI_R ROAD_LOD0.004,1004788,0.0,0.0,-19.801570892333984,20.39962387084961,0.8351300358772278,0.7916784286499023
area2_supports1,484,AREA_2_SUPPORTS2.001,196184,0.0,0.0,-8.735015869140625,41.02143096923828,0.49708816409111023,3.8548429012298584
tatsumi_fence0,505,_TATSUMI_MESH FENCE0_LOD0,182796,0.0,0.0,-18.205978393554688,19.101797103881836,0.7281008362770081,0.3063058853149414
tatsumi_fence1,508,_TATSUMI_MESH FENCE1_LOD0,356148,0.0,0.0,-18.807458877563477,20.59557342529297,0.7597523927688599,0.3016834259033203
tatsumi_fence2,511,_TATSUMI_MESH FENCE2_LOD0,293780,0.0,0.0,-19.127012252807617,18.44695281982422,0.7085412740707397,0.21001625061035156
tatsumi_building,517,AREA_TATSUMI_BUILDING LOD0,589404,0.0,0.0,-19.505685806274414,22.64765167236328,0.91946941614151,0.4379291534423828
area1_big_road2,531,AREA1_BIG_ROAD_2,922732,0.0,0.0,-18.412063598632812,17.653057098388672,0.19927601516246796,1.2553329467773438
area2_supports2,537,AREA_2_SUPPORTS2.002,389944,0.0,0.0,-18.10714340209961,32.66490173339844,0.4897231459617615,3.6928625106811523
tatsumi_vending,580,AREA_TATSUMI_VENDING_LOD0,1232156,0.0,0.0,-19.74588966369629,23.52786636352539,0.8415718078613281,0.19296646118164062
area1_main_collider,641,AREA_1_MAIN_COLLIDER,3613604,0.0,0.0,-9.101515769958496,27.436843872070312,0.9367648959159851,21.768386840820312
